co_miners,pool_name
0x9fde6bafb19b65256f6119fc621f69eee5d82a06,waterholepool
0xce3e7f870147fab82cdf045bb5581bfeedaa76ff,waterholepool
0x45aaec60b96796494be4a47d75b70e25585d1efa,waterholepool
0x9e8ab9b62259ccc68040cdc5bb52c2cfab8279d0,waterholepool
0x5199f3f87a10511ebfa985bb7ad097ddf7ad0156,waterholepool
0xd9224ede9726bd1fdff29f88d2fe9649ae559e3f,waterholepool
0x40f7c2522532fc802ca6e563df41b74b571f7d6a,waterholepool
0x8ba353310d0d122a9d444c64bf2f5ecfe34d6756,waterholepool
0x86f951ed82facd2eeecdf45ccca4a90687855e5f,waterholepool
0xb35de08ae5a2a3f5c2dcf3cd424e1435180b5b98,waterholepool
0x31cb84c32f18c972c287ea841dbe141f6f36f1dc,waterholepool
0x9a6fed79f368a4269eb931c4951a9e8e67179813,waterholepool
0x2992a836bc61ee71241b00f0f9ca315eb72b78f4,waterholepool
0x51eac3d123c6267154b829edc628933085e748ca,waterholepool
0x7c1aee946c775e2362fc35daf0625c15c2f4c166,waterholepool
0x0e079c54f325fe5db2ff7e6503ea403b61552cf7,waterholepool
0xfdbf088095ab1e05546cfe26b0280d86641f670f,waterholepool
0x00307916e4d638ad14514d982c56cbb80986c839,waterholepool
0x7ec21dc3c0c78ec07b39fe8096f5f26cf7f57317,waterholepool
0xa2eb354ddabf9dfa5e60edcb08822acce8f18eeb,waterholepool
0x151c194eaf8b3eff6f62419678beb052f3d9532b,waterholepool
0x39fdd5c410338020664d59274777391744810d60,waterholepool
0xbc3f584935f54d2af96074cba64254ddaa785b04,waterholepool
0xaddda8bba4043b935b066b5a8b462c589ca8fc0a,waterholepool
0x2f11a01d2c23d20cb3209c4d9cae8a3668229b06,waterholepool
0xe1992d3a45be5d4e0bad5107e7092f30bf839bef,waterholepool
0xdd6851261d3d44dcb852468654e92c2fd8860f5d,waterholepool
0x6250a181675b5a1fb7bf7f05d4c0acc3bacf5771,waterholepool
0xd2f3b0510cd0cb7b172f151eb76f3b724d6a78e0,waterholepool
0x592175578f11d076425cf55c7551746aee948bd2,waterholepool
0x616cb25fa80e46fea09de40e6b3ffb8e753a327a,waterholepool
0xab0d00dacc3ad2d9359ec501d9d84fd35f87974c,waterholepool
0x7cd26d6d0362eaa6210943e32128cb3ccb019998,waterholepool
0x842bc62283d009900dd5e98dbc8230b678056e0d,waterholepool
0x06998f88198da4d9cf8a6b82cbb668a6b9792fcb,waterholepool
0xd5eab191f2c73f11c137aa8b9d1b503553653761,waterholepool
0x5c0fc3862466045b5eb6e3fae7f0658465865d96,waterholepool
0xff79cc6b1fd291742db69b4f169afcafc7f8180a,waterholepool
0xc5243a0af1f0c9ffd055d3de9660d4e39a0d7041,waterholepool
0x33e50e0ea613462a068633ae8040c1d3b313f699,waterholepool
0xf166bb80b5dbe9cf21e8382b804d58e87fd065d0,waterholepool
0x3d17540adc3a7757c026d8f46622dad51b1fc163,waterholepool
0xcea0d7edbaf2ac79c52717e281db440f863e9418,waterholepool
0x00dc5fcf5a87d72ea2ffe1297b7d4eeea45ccd02,waterholepool
0x378c2c3c34e461fad67d5ad42def17e40509822a,waterholepool
0xd7240cbfced436b23aca6023a866479d2cb08f05,waterholepool
0x5085c06868fa68e752f7fff3cbc11bf724241d7d,waterholepool
0xfe9f43091488b855035369e406d90a5e5ca6fcc7,waterholepool
0x5ea21d1689c6be40b5db6b708ded0ed9536367bb,waterholepool
0x5c314a275fc91a9839394bbb1fe662329ae15216,waterholepool
0xe14a938cbdcf437fadc57acf571f83a2335e1ef4,waterholepool
0xf3db50f259a6ef894009fac5074a1f0bfce952d3,waterholepool
0xb62566270d4960dca2e2acad3e2e96796ca3e5f9,waterholepool
0x37b76100d12117b65d06afb454b71f4d2203445f,waterholepool
0xff6cf0f76154ed08b789af8dfc18ddc4c6764c3f,waterholepool
0x2624c5b3ff77dd612b67b222aa3bb4a44bc719b2,waterholepool
0xcfbc3cf39b516e8fca208ec0f61021bc62aa1d94,waterholepool
0x0d989d9617496a3d97796be4a1c89caf07d6bd74,waterholepool
0x860b4734a7a383c4a209e33df13e92ddc93d3bc2,waterholepool
0x5f1aed18caaed88e0533f02260bc853532391d0f,waterholepool
0x31526d5b3d2d9189df03755d2c601d0bd3ff25f2,waterholepool
0xfe5a15bd6cfa8a55c0996c3eaff4f06b05eaf5cb,waterholepool
0x7c4d76176176e00f5cb44efffb9a50faadfe7722,waterholepool
0x18e4ca50765a3d593a4ba7f73eece035cf541df3,waterholepool
0x059b175745b64348b3e5fa588a2b84d21785093e,waterholepool
0x02693836466f0002d024c140ddc874329980db73,waterholepool
0x521504670fca01ff44b50e5f1e748712f10d0dcb,waterholepool
0x73ef8eca7b929618550fccccd23998cbe0eea1bf,waterholepool
0xef0c7ec662a4569047ad08a3c045946b5ce9e873,waterholepool
0xec10c5245cc074f477f3cf5d775d7b036e35d474,waterholepool
0x0596724002d7b095c03cc02096baae556975492f,waterholepool
0x09cc5cedccbc00fe7033a87a67699c274e095f21,waterholepool
0xf967ba134750be5db145dcbf69b95b61364a030b,waterholepool
0x8f4923271ddbb0b79c10323e53eb1dbe12aa450a,waterholepool
0xdcb51ef36d1a21607954fadcc1212f824d7bf007,waterholepool
0x21f033cd7fa9dfc93b0e5339ccd157e0106759c8,waterholepool
0x525204a715af04a1e92273a435492a055cbade98,waterholepool
0x0cc03046e6dbcda6b3e304e03149df16b3af632f,waterholepool
0x60cb7a5f908f960cf1e8eb12b508af064b86eab6,waterholepool
0x4ff992a94e41410b1eafbeba2c9c7b565c989b58,waterholepool
0x19f5045bb6f5139954476b5badb0f00e014c46b3,waterholepool
0xa2d8101ec840076ee19f9f6620382e545c44c551,waterholepool
0xb96756ebd070754e89113e3ed936c2ec2b037a96,waterholepool
0xdbb7f1e6d3d050411f63a8b8c9dfd725c671e610,waterholepool
0x506ccc27b60740ed6fda1770fd7c20944e568253,waterholepool
0xc1051a7de833a7f1d4102b17d9803ca7602ef056,waterholepool
0x87f0b1a5255aad74543402a86a773a124c4dfac7,waterholepool
0xe65e9bfacd70328ced77e27d4d301a62b8bd3cc1,waterholepool
0x5df4e944c27abc17559ca3051e4bd5d70e52fc6b,waterholepool
0xde7d3af83132d19f4b3e4d5a8d539f45790ca044,waterholepool
0x78c4fa77b6269e8083e6669cafb9c7eb93c9e4ed,waterholepool
0x9de284b25977da36a49d70a798fd6e0de09d09a4,waterholepool
0xbdfadfb0b3c1a08ed144e53ab75b61fdfdbceeca,waterholepool
0xbc8cbe88b0eb7ce203b4573405e67070f5a7adcc,waterholepool
0xeb43ebdaec4e9a980b404ea6f20095eb5c4a897a,waterholepool
0x722b0781e5c99ab03ab969d4b4a6e5b4fdb3d428,waterholepool
0x7b98bc69b0ad4248ea880c1029ba1d09cbae8d8a,waterholepool
0x8d51618783cd1e4cd20fda0c86baca5043a0af0e,waterholepool
0x8df5e1c40a58f9cfdb10c08fe682d0b3b852e7a0,waterholepool
0x41b5aac42dfa1091713ddbf8b0ac5b6949a86d87,waterholepool
0xbe1962d8da98ce7f803167313dab335c47da07bd,waterholepool
0x72819092e6ac16c214ccb4ce2891086581bae0b8,waterholepool
0x1b1da3d7ac1faadeb43f0a27be7ce62eaecb37eb,waterholepool
0xeb767f041a71bff03d9aad76722ee3fce6bd9c60,waterholepool
0x548eae99bfe626ad90e95dcabd42033fd48134e9,waterholepool
0xede544bae522d02857ba6e9c8945446ea76ba2cc,waterholepool
0xe8784f290a254d95271ef32249439de11e8d4dea,waterholepool
0x5fac17d0c9f3e58ba0c57337ba25ea762e10c631,waterholepool
0x525d54449e947d24a04d6441aa840b25cb4587ed,waterholepool
0x3e4a67435b4ee83467eb18250afc661d1db43a0d,waterholepool
0x27fbac00631011c4eed15b20c7ea7926453fce1b,waterholepool
0x39c9988f01cb6e084022b1c63fe26d0256adcecf,waterholepool
0x571bd0ef8f5e4acf47bd6a56f4fb10882792d1d1,waterholepool
0x368db08907ae368eb579fe7c9623356545554420,waterholepool
0xa4db5cfcdfd7d66bd1a31a6110ea2d500b51c59c,waterholepool
0x2e8178d77093b7a49182e3323701cb102ca7d6e1,waterholepool
0xe9f03a4bca82e1430fa85ee40fc16d450105153b,waterholepool
0x0057c98e843f05cf0f20cb3e1d8efbd8dcae4f09,waterholepool
0x1dc7d304801180eac8442efd59db3db947115c34,waterholepool
0x3ac6d1241ace8c1c9891f97be10f6f444388556f,waterholepool
0x9646c7776c402b66db2f89465e3a9a38d5ff985b,waterholepool
0xfc649307d8a37ea431893ee3d0d8aac9db6c7a3d,waterholepool
0x3fb63f5db85569049f5ea763e21af402f1a63c8b,waterholepool
0xc2a703d4606b829bb7ceb54697b8c863072e2389,waterholepool
0xb6281dcbe085205611e7d4eed6301645ea1b19cf,waterholepool
0xaca5b16c1cf1e6d5ad703a7f50e84ce809ef784d,waterholepool
0xe1f0c9838b4ea2d88b4afb6371240fd489831dde,waterholepool
0x067ae032100065b85e29dd0504feb923537b60e9,waterholepool
0xea5657f2c8b7953c22b154e856cebee1c8613f5b,waterholepool
0xbde6c7f833383c534e0bfceffb8cc297beb54a46,waterholepool
0x649dd7d7198eb32efa14ae7b84946ca295a933c7,waterholepool
0xaf01df462fd8298162605bb423acdcc01cfd31ef,waterholepool
0xe4861804d260e47e68fa008df8f9e18a4c0a583f,waterholepool
0x89f18289fad67b5e9873c8b0a54a42d6baca4eab,waterholepool
0x9260aebba8fdfb3cbddbce659744eaa7f0479fc9,waterholepool
0xc69525582bb181a032f0114930a107d5236e88bc,waterholepool
0xd00f0d59c5ed50b7c1728465d24aeab53140edd2,waterholepool
0x6ef78e29c7f24ef6328a7ad52562875c27869869,waterholepool
0xb51ae5cc6c612e717e4f06fdd492a7c126cdeda6,waterholepool
0x85d7603f93c6656708745b0d58103502229ae432,waterholepool
0x460cba4bd89fb2b59c6cca908a4e0c1bb40044f1,waterholepool
0xb2ef3e228e07d2e9e25b2125982025fb45263886,waterholepool
0xd390e1f0041169a602dfceb2e6216a737a19f65d,waterholepool
0xbcf0009a658d925691969e6ebac870c382f9f91d,waterholepool
0xece248ec372edbdb3e0d4b442a51d0d19dd2f395,waterholepool
0x280b2318dde80233f8a2be54ba3ff88013e7670d,waterholepool
0x9e8bfa43a5a139ef9fb9a05dee3bf943527b34c2,waterholepool
0x7f57260d4595bcfbc4447c88fe8c6eca23c30d9d,waterholepool
0x620243ea6e4ddb05de8d310f8d40f0bedad2bf32,waterholepool
0x3f2169738f2d8241ade3dc312d104c27b7c8ca6e,waterholepool
0x952a51f061ef1ee74e1cfe10c88c9a6a517c991c,waterholepool
0xae788cc11f44e07b04f2ec29e95abf5e1a9dc7f2,waterholepool
0xa9916d752f06a3e63123b303002ffdf327b0436d,waterholepool
0x43db479befc57937c415c0e4619abf9a7bcee89f,waterholepool
0xd046cd27126d4f22c83ba1d7c393d9b9a976f269,waterholepool
0x05b37168bf1cb51b6c5e4942c37f46fb3f2cfcd6,waterholepool
0xb28303efbd65e19bdb4a9b40d95c30ad8c0f2bbd,waterholepool
0xa2fcf12802996700b661c72aa48c1c1e83f6c89f,waterholepool
0xb1a012cf1bbaf369ec1c2c7e40c7b0c9ed3c334d,waterholepool
0x78ca7e572b6ee9c0b2cc7218e40e465a86fd14c8,waterholepool
0x48679515babfacef8c928e6ee74f81982b7f6e65,waterholepool
0x2320cc017adac902a68ec1060a665cb8affbd0ee,waterholepool
0x250f4fb017c1db02e9f0af5e1329601f95734d9d,waterholepool
0x5e3368d26e96ce5cbe163491e097f461200a3d60,waterholepool
0x0243ae06ab73c217a920d9d22a4f88241b9b06a3,waterholepool
0x5368b653b97d9c454984c92eef25584ecc347ae9,waterholepool
0xbcdf46597242f87875b937f0558fafcbe98e70ce,waterholepool
0x8a80a7c56cc78c9ad5a3db1755c9bfb7dcc40761,waterholepool
0x06589aaec8888ff8e27f259e77930770b44b17f3,waterholepool
0xdfc0d8a8b69fd0d14d3da36cf1eb3a4c120f2dc4,waterholepool
0xfafbf0e5de88c726ed4b4298daf908c27bf70775,waterholepool
0xc2a3a856d9c63ee931136301a6539a95cbabd7bf,waterholepool
0xe1a694368611f2dbc03fd79b11c9b22539ca2266,waterholepool
0xb18adc57b5838de85a465992eeca5a3949e0c4fa,waterholepool
0x39808c6c910924360c4b54c11ab6af583b13c8a4,waterholepool
0xb5a723f3d1e5ccb362d56bdc348a3266274150b6,waterholepool
0x2476ce3f7fa112e3dbf0d25f6af5afb9237cd055,waterholepool
0x62cb741370c23df4b70344336259d650111e0c9c,waterholepool
0xce56ed9205da1c9c6bb85ad80f1b8955fad5b638,waterholepool
0x3cea6ba2ed746a900e741356280fdacd64261251,waterholepool
0xa43846dad396aabdcdd65da91d9761f327d79a34,waterholepool
0xd658ec1744f69058ee50827d69f5fae3e974a8dc,waterholepool
0x446fab5b61253cc67082291a2cbf4baca9a043f5,waterholepool
0xf8144c5a05ecea87209b2d81043cd951cd4c7387,waterholepool
0x92e8579365918de0050be50f6a4226936647386c,waterholepool
0x70ae1314b3b1724ae2717ffd0a08f002f94be7fc,waterholepool
0xda3e6c01818d279760b945efbca63734d52dd07a,waterholepool
0x0563fef5b5dda20a90fdd4895375d774a779775b,waterholepool
0xe3de5a05e775ee8be7c482916fcb1b6e45bb4482,waterholepool
0xf8eb71f9c345d6deb2c41c3d127fd7656001c9d6,waterholepool
0x67266b70234ddbd274cff498f6e887a9ebfb0467,waterholepool
0x9a941037b518b73c2d4f2f4ae07fc6666ad971b0,waterholepool
0xcc94658346794a5b93f5c7d5adfe57aad9c17d05,waterholepool
0x5c60a199d4508024a4258f002faac8262a8cb4b4,waterholepool
0x999af79edf61b02ed4c30c38284c9bfbe583b754,waterholepool
0xe3a0e5a79d8950b89fc2030d2e05425b1c1a37bc,waterholepool
0xa8506ed68bd877f68bcf995062b3e9b40b0753de,waterholepool
0xdbd01d34d896d3eec956409dc39239fcf72c4852,waterholepool
0x41c0c70ced03ea61dd97b8fce5d29e87b4f1fec4,waterholepool
0x381a0edd2e2cf8fb36e3da94edc64227098e28ce,waterholepool
0xa6d219e76fa693e0c622041e363c0b4176adcb52,waterholepool
0xcb31db199395448f4daeda50b0f59c1ea09016f9,waterholepool
0x664bad231b215b78299c0c7053940a89191c398f,waterholepool
0x95c4effb71df2400c97586680442eb453632aa47,waterholepool
0x6d8fb51f0428d0654c9f88255f2a9342b1a7024b,waterholepool
0x2fe51bde1c15b68c5208a983e75af659511fcea6,waterholepool
0x85f32b28daeda3d0a42897e91a65d14570cf4db5,waterholepool
0x2debe33b4533af9684d4a2cda8c829341d35a850,waterholepool
0xc069a7540e915830533ffbd6429c701b267c0b5e,waterholepool
0x57bd2078fc4d06fb2a75287aff98ad88f20e047e,waterholepool
0x7aa698d99031abbe84570673bdca48dfab231371,waterholepool
0x74a9b2389478efaf841fc1c8237656bea4605f2c,waterholepool
0x75351934ff71178916e2d3b7bd2ab7d86d8a3bc4,waterholepool
0x5d7400d67a2a3cfb18fcf90423d9cf093ab75f4c,waterholepool
0xb7273cd81f65b99fdce9188ad73aac66c6d40ade,waterholepool
0xe124eb3c15a70dcd556f6d893bab7f5a745368a3,waterholepool
0xf0491e04cfdf48aee65d17a31e04095af6d69753,waterholepool
0x1423efe774aeca8d6336ef725a15b6cfb7fb219b,waterholepool
0xa75148db37e9514af795bf91f2afb09e8dc4badf,waterholepool
0x75d98468bf59ea13eed1eb4bdba3172ac2fa9f52,waterholepool
0xf519bb7c7f61e6bbeef2c57cc0c054c95cd5d196,waterholepool
0x42ba2619d342ad90c71829b3da4a3279ac95e39d,waterholepool
0x143d6dac18cc8b35a77dc516293e6844f5894d8c,waterholepool
0x5f00cbbcfae2025266bfa88c4304a46f875406c8,waterholepool
0x8dfb7f49a8686995f80fbf3ac2d86dbf6143adf5,waterholepool
0x66bbfeb15cf2a1838482e8b5f62e6726e053b3e0,waterholepool
0xff40ffb5f536862de03ee96d125cec7a089208b0,waterholepool
0xd92696c436939c6b94a9fcc7e5bda1c4f1979435,waterholepool
0xb845cec14b8ba20fd3510da41081f8e61f2b904e,waterholepool
0xc79bd47445cd99e77ec722a34d67074f1c427c0c,waterholepool
0xfc9863fc681c51d84df5f8012e621e9d560f771b,waterholepool
0x93df399b8ef50d0dd4b77a005bf2e3c2ff909f49,waterholepool
0xddea0c8941b1781415d9029721da5fb84ebaff03,waterholepool
0xead2cedd879785cc10d3b482cc4e941545eef20e,waterholepool
0xfe5778db29e5c8042144e24d7aa6315da349847b,waterholepool
0x771f4edbd453820f4ea95bcdaf30b8fd25f92f86,waterholepool
0xde4f1827dd2b7c1bd41051089c207ea6ac41af93,waterholepool
0xed39dd07b91ee204fbfee2b81cd92ebab3b9068c,waterholepool
0xf52dd36fd94e2854d7161ce4d3532b43705be8eb,waterholepool
0x312778a55563f9711a9f82f1a84475dae5db1ffb,waterholepool
0x3cca6f2d33c929320f0ec717b469f0d4474dfdf0,waterholepool
0x3590907dad4830be58bc4910b6d2761398ffd8c4,waterholepool
0x02a527084f5e73af7781846762c8753acd096461,waterholepool
0xb6226b4bc97044689227b1d3c5305d43fda56731,waterholepool
0x02caac4061d3cb44d85552e1924eda90eb000d86,waterholepool
0x9ee776d437bf7a330db6b211fdd9321981c2f7a1,waterholepool
0x18e76307d3a17168aa32e3849ebc01d0d88c3684,waterholepool
0x156efae27a11b48aa1f37f05f7e496b13326e9c7,waterholepool
0x91028501750428e2e100ca966ac3329a02917a22,waterholepool
0xca75481647f5453b643ef328c7b1b0cf93c1f3be,waterholepool
0x75c2894a026caa19a937c33b3135d669f0a87dc4,waterholepool
0xfa58643b158ab06d5382029498d64f457813f9b9,waterholepool
0xccaf03a024f0ea53d1c3792ccf81d02f1463f193,waterholepool
0x8d3ef4db4fc3109fe711fc10aa44dd599b6711a1,waterholepool
0x7442c3995a8d75256683eaaee14966d59f2a56a1,waterholepool
0x0c1c8b8f4b7e13a9396917d67b916f2e23ed5e20,waterholepool
0xc322a74a97cf588e4fe3450f9e25a5f2641ee88d,waterholepool
0x8c1bf2843999d98c10528c82b7f3231a7dec6e9c,waterholepool
0xcb6d77cef4a459d1870722fc1654df00b25c23d3,waterholepool
0x230367ed8017148e3279dd0b129efcce831fe13a,waterholepool
0x87d7936a7d427bb24e3a4a7138d298bc1e9b4430,waterholepool
0xcc3d46ec480631fb9b6af8e0568b7fd9ddabb85c,waterholepool
0xb68f3ab6ec179f774879dce005335a17a845ca97,waterholepool
0x435a0f353935f70f5bd79ac738b63f48f37fbf04,waterholepool
0x866dda7cb105eefdf7abc61c149ed147b24cec1c,waterholepool
0xe010d3ae04925ae39d4c5dd0c13b34db17dda6b1,waterholepool
0xf799c03789ef3950411cc54b67c4c8b9ed055ddf,waterholepool
0x2c2ee1fce3f729dcaea679f72afb484f1cd93f19,waterholepool
0xb6ffff7677c3662a170611dfe9317d4612e9d0df,waterholepool
0xf17d2e6db9ffce2789a9f51472638bc64c3ef779,waterholepool
0x6f53b0e4289dcaf8005725930cbd3a383c4ff27c,waterholepool
0xf1ea0e73c6db9256051b109788a1e31d6b3ed099,waterholepool
0xf633883005c47bc62e966d44aab4d82a70817fdd,waterholepool
0xf325c4aadc8c257aff6d39397237f9860e3e5051,waterholepool
0x410d55856b585ad3fe5ee19e7fddb9d26a166788,waterholepool
0xfa46002c7e9ec5b64ef3ba8739a05b4d40289710,waterholepool
0x69d9187dc18b988e70f755c1e6830ff6ab0ac4fe,waterholepool
0x7c649fceaaf1f788ae616e17cf404a6691aa2da7,waterholepool
0xad1235581843446ed6f6ed5a7e2b6ee06482860d,waterholepool
0x0234fe4fd3a7dc6c5808260a4aafe6990f90992b,waterholepool
0xbd1a8255c964c1ed8f1bd4639f06d3e78c008cf5,waterholepool
0x22e4f265993bb807973d5ca18e59e3c5aa50f982,waterholepool
0x755b15e32c390740a0473120264d08f2eb2eac4c,waterholepool
0x18bb2f2ecf803d59271f8babeeebb3ac5ddf931c,waterholepool
0x76d56d777908379f9ecad4d9c8762c23b0b33368,waterholepool
0x2dfcd4ea1dd4fa8fb1b1d0aa57e71c5b75364869,waterholepool
0x7b0beabdc20e6f2dd52884322f2431adc22d23c9,waterholepool
0x9a5f9878dc4b379a9f3c72dbe7327e90503c91d7,waterholepool
0xa88cb11ba3c88994598116dc9987f36e05b460da,waterholepool
0xeb411c626d0dce094f69f922be79fe833e1990a6,waterholepool
0xe8d605dae284419ccb82afeecee366b1eb901fdb,waterholepool
0xcda67860d749ebfbddbb9fa88bb9d26592d6432c,waterholepool
0xda5e6a9717a33bbb15ad14da9e900d5306451b74,waterholepool
0x892c632c7aff0c4850b9b233140a9523b74ba3d0,waterholepool
0x133f4a448ee881fbc42438f792b8d9232aace5a9,waterholepool
0xc8b38d36ee94dcf64867124a6e16ff81f78c9eb0,waterholepool
0x089bb6401506e4e793b668c3a3f211c5c8d14c62,waterholepool
0xb9c32172d3f1ec027c5f5b7b0d2ae54923cb8b5c,waterholepool
0xa207c117307da8e8e777bdd237cbeb520bfa54e1,waterholepool
0x83aff5162a71932153fd907414b695b1f3d068bc,waterholepool
0xc4d1b22b92da73e73e784d8032248d4626a699f9,waterholepool
0xcf9b4a757ce97f8754fdb9a2cd8b2cddb1f15d19,waterholepool
0xb2f170c436a869622f3ee3cbb9e4b7d02785b2a6,waterholepool
0xa26cf155146c20bbd15af71ceda34a29c88c9b22,waterholepool
0xd533e784dc7bd8773aa9a0de54514216be31d086,waterholepool
0x60510e369b24d8f31a9251fbab90dd05812d45ee,waterholepool
0xfbfe81189742ea12ebc6c903de1470fb8c628c4e,waterholepool
0xabac5bb25131ff61f614a27a73c3da936a1a8325,waterholepool
0x9fd6e8d931582c6a3c31d5bb8b525a49e5abf097,waterholepool
0x05e5dac385b952cb05aea103ff360ba08dd769e7,waterholepool
0xbdea06bfcb5c9ecab0778f858fb623a809e78ba7,waterholepool
0x5c6ae5031978228e9c562e7a938f4edd1a3ae808,waterholepool
0xc8e948350d9a59172f63a35fd3d56072bce2f87a,waterholepool
0x37c3af15b4b450eaaec667e9ed4e5bf2de585ad7,waterholepool
0xa876fbb18c9a3e40b73b8ca83f733b960b1ead5c,waterholepool
0x9c76f3d554424c456f4ae6e27f008d21d306ddcf,waterholepool
0x8e814a865194725efae67af1b63c2c34cf7b75e0,waterholepool
0xf6a19f09c7ce32ece63b72e32859563a7ecca580,waterholepool
0xb27344ce7493f3b977113ea1a1dd0e0ca4564a71,waterholepool
0x8e7c7516d37c5a3c3e3a3f41c31ca11d91cdee40,waterholepool
0x6ca0cd12546d1fd756027788a42772c794100805,waterholepool
0x3236732074f7eddb1436adc2af58e79a064141a3,waterholepool
0x5d7a8dc06fc36748b4afb14b687052a263882924,waterholepool
0x429c142783feec16c344b4e881a26bf76b5c8027,waterholepool
0x6f57c8e21fdaef4c299ad138fd05058fcd507a0e,waterholepool
0xdee2ca7066d1a19cd52838e23eb90f2aa107e7f6,waterholepool
0xdaebc2fe25ddf7bec7a1def413856cce1799fbd0,waterholepool
0x964bc058578f936c6b428c3eebd2ec3f3d89697d,waterholepool
0x7bb0e41531905be1b42f067341fd5aab9858497d,waterholepool
0x99b06b6c23446ccc690e37962a66f45cffaada02,waterholepool
0x4d64d09e9ee0c0d1e9b241827fcaa1f37b7dac03,waterholepool
0xca30feb8a456525547f6560e5e7e1b2705a2c442,waterholepool
0x7d00d6c79abd281b107becf67d01958d1691e933,waterholepool
0x66d030b5a614640977c3e1c2ed8ab93f99d6decb,waterholepool
0xf84ac1c1c5ed0f9bdf7fa3ba47929cb34ee2efc1,waterholepool
0x833974be9ee9a1c7a30efffc9a4470f507986d0d,waterholepool
0x6f13220a5a3e60ccc842602340245f160a9f82b8,waterholepool
0xc924cc0dc61b5617ce31962a3b9c4085e1121d4f,waterholepool
0x1e90836a668636cb59c5813f6854f4d9c2c7dfff,waterholepool
0xc50bf900a9af8766f30c7cd913bddf2def208ad3,waterholepool
0x99470ccbede69e9280b6707b905340d154c63b7c,waterholepool
0x7f8a9fa2a096c6c69990c62dd3d5f188d1099c8f,waterholepool
0x51ba3063522e35341158ff12d371fe2558f01336,waterholepool
0x5beb57ff77f5ffc73691748df9313ec1e31c5e8c,waterholepool
0xaa0305925d03950969cebb6f5a3bde763cb37655,waterholepool
0x55ab10b404246da459894fe7d04e53a209a15d50,waterholepool
0xda89e1ad251a85e1f81e63100d9067c86703f12a,waterholepool
0x59f71887b9339534092a9fa3c7c90a64a3b13076,waterholepool
0x0769715655ff8dc1384565e0ed5525f0dcad9812,waterholepool
0xfb89ac36e367d0a0cd12e1aca74077a8ee75505f,waterholepool
0xd1ce89afbff54eb7cc68e8b6b7bcbc9106f83c0a,waterholepool
0xf320a5461ba3ff97aa030610499f855b8faa6892,waterholepool
0x5f42795029398d81cc7cddc593ff4eb4ff2ab94a,waterholepool
0x6a44f56a50bbfa73a4572a819a6414dc8e3176ce,waterholepool
0xb0f19fce93a541c1f021cb1deb12aa55b4d30c54,waterholepool
0x1ce1d548700d2a6722dc0f3c5b01bfa01ca5ed4e,waterholepool
0xa945c849c5ab28a2157e6341b5c0b4d762466acd,waterholepool
0xcb6a2d2801710cb7e3f4fe06ea6a5fad6ae5ddb1,waterholepool
0xd5cbf1de4ebabfacd0489db29c2540e127ae87ee,waterholepool
0x8829883d878282c111319ee0a5e172faa4e7b4c1,waterholepool
0x798676e8e9cb5ef4420275463799e96192980388,waterholepool
0x5349e30d4b141e4c9f557bc69344331906246f6b,waterholepool
0xf99fd62571b5019651edd1d75dce8ffa3f0bdb81,waterholepool
0x68dc67f45243acec4d097aea8270a0554688250d,waterholepool
0xe9dd8daa202b1df1ab21cc7bf14926ead40130a7,waterholepool
0x64be863cf0c080179bc81b92d7e02b26e3113235,waterholepool
0xf26f22ade452d2a66fc6c78a958351c8b754c5fd,waterholepool
0x69b25aa46aa70b44dafac7d1d7b3eda05ec1b359,waterholepool
0x8ea66b8c38738802224734604af74edb5bbccb5c,waterholepool
0xd35035d805e6a1a61c4ed96c61a24650e72d49b1,waterholepool
0xe103af7f5aa986dab036b3f9540bd9309daadd9b,waterholepool
0x27e7d3a429e57156e506efe6d8f941c5a2bee701,waterholepool
0x8f8732c32c2e655f70a051e6c8ca3ed912d5e794,waterholepool
0x3fb01f8f26a478591ac8638ab0749b6190769566,waterholepool
0xa46e55d03dae98338a842d32c2e092e80b216ff1,waterholepool
0x59d9793d427688e87e23141dff71139e80a98330,waterholepool
0xfec2077e48e369b3f2fcee29bbb6e6b565fc5917,waterholepool
0xc4dbfdbd0448d83134b8879678e98c93bb260155,waterholepool
0xabc6ba92ff0a431e76a676c0fe4f94bd4aa08057,waterholepool
0xf19a6ff77be7c44d5303e335b117d5492d524185,waterholepool
0x3ae189a090e1e8776aee509b8f7e802f013d805d,waterholepool
0xbf5a571637c6a79c9ff6fec78f71115b6e5466ed,waterholepool
0x9434962444411188f0a6c226e34059f10b096f55,waterholepool
0x59b7c6168298209f21b85f2da08f26d67b8588ad,waterholepool
0x95f968775146a2c8b42559b659077022c82c889d,waterholepool
0xb28a731369f9541af0c3b1da551f45413a831592,waterholepool
0x284018121d089d805b5f9dcf06c6210dc808a2b4,waterholepool
0x0670cae92e97ffd2e269405534c5e690c0f7bb77,waterholepool
0xa47899e402abeceec7cf15e8745db44d4ee60337,waterholepool
0x2c63d1fa358b64da33d5b7503ec83d039dfabc24,waterholepool
0x8df73b3324cc97f6e3501f0f343e954cefb0e793,waterholepool
0xcfe0c528cfdfe7c75f67191efc023d5cded74fa1,waterholepool
0x31686a5841d83b8f4898f854bf4bb8fa17db06ba,waterholepool
0x8e8fb9b27b160284d997a11424905239c1a44da1,waterholepool
0xea86b1a45890df7ab64a151e1411d7b47e2a8f97,waterholepool
0x9c322097865e6c49bd195200c86896f5dc9d3fc1,waterholepool
0x75c94151123c2a8ab6af9a814c035ea96f2cbc6b,waterholepool
0x8e42d0bb7330feaff50dda1c594418dc01cbba19,waterholepool
0x63f0c9262513c4ab71b91f206909f37da4df4ffd,waterholepool
0x0f2048b94bfddf8b1a98584ff3e69826baa4055d,waterholepool
0xa2046422db8b8e55fd91067cd304b965905382ff,waterholepool
0xb4e0380f5afd7ca6acff4f89020fe87dcf1af104,waterholepool
0x96234c4a3bed16958b3d39343108d5ee2778f4ce,waterholepool
0x1ea5c1add3c70cf37455018fecfd0ad24b258f34,waterholepool
0x20d2d1d92233ced350436fe761c35059e4950654,waterholepool
0x8a57401a3cbd9a612b44edf6823ec71b480ed51a,waterholepool
0xe04e15fab6634ed812cf63248e220ca69ad36046,waterholepool
0x18b64c42838b530cde3a108173bde2aed3140236,waterholepool
0xf1a3a92b9e53a95f9f9ed2a56cfd7285660c85c4,waterholepool
0x2f47950589f3dfa705870b8c88e0dee50b82c754,waterholepool
0xbefe245306ba3e8ed8ae23f76e514b0032c4a25e,waterholepool
0xdcb11892d2bf5f0fd8ec23b36f98b30bbf19e0e3,waterholepool
0x85f8f0d66034a01396f2bf4772aa02ef2e5b692c,waterholepool
0x6762a89fbaa1da5ec44d889b22f0ad0953a50c6e,waterholepool
0x5aa06cc7f9836ced3e34ad8c3460f6175478ecc2,waterholepool
0x0c16b0109351626d8248a91ffcfebb7acfba48d8,waterholepool
0xee0a3559b946fdfc8d9a23ed2e39e27612792551,waterholepool
0x83e8e013f1756085f6752f229e2fff2f56ba23f1,waterholepool
0x005bb5c51e75695155d68a3819d421f8421c78ce,waterholepool
0x315abcb386f88913f02ac107d7b2d7c252742da3,waterholepool
0x2ee5ece526a340a4da87c71b98d50e324a85d61d,waterholepool
0x7dbf4ff9ecdaeb8b1aafda2026e45c2d50d50f7d,waterholepool
0xe46cfcc905b66d43ad12aec8a7e6995edcb349dd,waterholepool
0x906503e39781e73512d227147d49565c6d79f47f,waterholepool
0x3e59cead6fc89d7ee1aea62623f854eaeb79b962,waterholepool
0xd4da92bd7e0a03b2dfa6629f50c3400e95910328,waterholepool
0x3ad3cb2ad2c39d1c9852d71344c1e8d5fd02583c,waterholepool
0x7a20c8499a30323cd87e4deda6442c5a6c4b484f,waterholepool
0xb8a3cdaab296160c0621cf1ef009001342b535ef,waterholepool
0xf64b4d7d1058cfa8cdc88d46da4ec0308e249de2,waterholepool
0x0cf9bccece11c0d81b56a8cfb9a7964303995953,waterholepool
0xde8633cfc4a07e65d2efc4e92f5a85c54aedaa55,waterholepool
0xdb97a6e5c51773eef7bc962884b7fec2468392e3,waterholepool
0x7a3662113f5a20686b98ccbd3dc13e3bff050c46,waterholepool
0xaff9da9879e24a4bd75c1e721bfc66629e9bde00,waterholepool
0x87b138b43d903fe4071a3279759f3925d3b4ed2a,waterholepool
0xff0e35a2c634c4dc0a48288570150933ef3698d9,waterholepool
0xd88efa71c8a0b5e422280af2cc706414b6359ace,waterholepool
0xcace47f0d7a708171a43db8fa92fd99872582fec,waterholepool
0x0a92021accef861140ec941fc3ffe8b42f6d7bb5,waterholepool
0xc1950f7049f576ef6966dcad20d7d3bd82c49326,waterholepool
0xdfa9388e8452623b449753952e6c0d2d6f769855,waterholepool
0xff5db2a503a47536094782cebe5878e76aeaf480,waterholepool
0x093704a82eac0c3c4123f2f3888225d0e5ae731a,waterholepool
0x0690322a530cd725c4d8186df078a9a9d98eff47,waterholepool
0x14b199ea49891b15646396d110d5ab67d6bee6d4,waterholepool
0x6dd5f3db8651510169cfa96955fa2f6316f5d7dc,waterholepool
0x9de24ccfdda79370ff1476ac851d6c8f254b4d87,waterholepool
0x9435d50503aee35c8757ae4933f7a0ab56597805,waterholepool
0x0a20153a597036b36d6d7a13edc837771edf2043,waterholepool
0x6ba78f195121827fabd49d85ee14c13227cc92cc,waterholepool
0x05df7bb5e4c25b09c65ec1f03218ea8a531f83f4,waterholepool
0x5edcd049c219d351c7679cb75325eff117df0a2e,waterholepool
0xb6b6551d56436833666abd6f99e147ddc1c1d649,waterholepool
0x29ed6f91476f528405463e4b87f729ca80fe4642,waterholepool
0x72fd2dacb276a9ac248672c3e1648bc1b9b097c4,waterholepool
0x845b7af6bf2a4aa6edae2a5dc09d9ec09da18ed7,waterholepool
0xbb3148882be8e9ce83b3ad0849ec5265cddd7c99,waterholepool
0x4bede641aeeed34e418cd2be86fd08998af0f320,waterholepool
0x3e2762ef749e6c037ace7c9e516202d58d87531b,waterholepool
0xa769f2650c922cf343887adc093e4e02354d63bc,waterholepool
0x25ed00bef06b94f656052a334d49bf07b2e9555f,waterholepool
0x96782f7a65679ac7682eb78858450ca78e724b20,waterholepool
0xb14be4a688ac121b8025e50703e452710d592af5,waterholepool
0x4cebc6d94f95c63ed6091732e33ebc935fcd35bb,waterholepool
0x3ab106426979c735a06d222e82bba8c66e6c354f,waterholepool
0x71fd58b4ae47a9c3d6d282d7a4ecf8696e0071a1,waterholepool
0xf3301be3d10f0e3ea47bb2cac5a5b84ea283b4b0,waterholepool
0xf5523542c99564bbc2a5e21acc5a9db85ae9221e,waterholepool
0xf6dd7070303c1efafcf6608e14cda5adb6d86781,waterholepool
0xd413638595a67b30ae8979fd2aa164a486de6006,waterholepool
0xd701c4d25de80ce562d48bd7c64edf719cf07656,waterholepool
0x4cd25ab0b3ab18a2f4b0ffb49da10f4ca8eddf59,waterholepool
0xeb3516d949598ab4f2db14e40de1bedbfb038926,waterholepool
0xafb213763be5507f9866bfbd0707b91617ee00d7,waterholepool
0x58c59d2ed64f2b2d04469800f148b69f4d450b26,waterholepool
0x949d795aeaea8f48aec46adc2bbb7db43df6fb48,waterholepool
0x92716e965f138d0952faa49cf8a8a20c15050c31,waterholepool
0x4d95f2a6c8b5e4a3f3c89ff26ab42ce0b8036546,waterholepool
0x6eace3cc1d2977043c036b54391c7b121c1f2eb1,waterholepool
0x80fd2707f661b3de47b3b0d523551d9f1e82fdc6,waterholepool
0xad13f685861c6f6454866dfbd0cf38a985705ba9,waterholepool
0x7f0a4ecb50fd67c842ac9676eb70bc4d5f4da470,waterholepool
0x66be68432e027f28526eb242da81b275a5e9b715,waterholepool
0xe429f37b8304a7af280972e7d6754c53ca194ba9,waterholepool
0x225b4bc64e051827c069312f82fa590ec9632209,waterholepool
0x053f5ac1dabf7145b4f1ef5771b4685fd3ce011d,waterholepool
0xb817764363c7f8133dcb2474e18fa17cd15457dd,waterholepool
0x6326118dd83d9044ff4f43372dd6bf2b985c2872,waterholepool
0xbb6c7207c87aba0d79a3f8c8ef4029b565bdeed2,waterholepool
0xd596e418a93c2cab9410dd9f8cd20df7bea9e4b9,waterholepool
0x8cf5722b7d7de14c0aaff92d10731aa7936149a9,waterholepool
0xc3e0d77330095f9b33f56982779dd425477f7ece,waterholepool
0x723b9bf2d8be7323a54f9716a09e040ff064c833,waterholepool
0x65a5f90b9dd4d34b9c08d9be4a711c61b0b1e352,waterholepool
0x065a6d19da9756ebd31b4737e03dc78ffc5fca98,waterholepool
0xb14f7488bbf0c1bdedf9da699751e242d6fd9d7b,waterholepool
0x3b7ec70679b4ec9021e621ae907543e49bf22f8f,waterholepool
0x0443e2154a9fcce2d02fc6422f33b3de7377dbdb,waterholepool
0xaeedcbc40d6e98d3ac1708956f9afa7681f8e934,waterholepool
0xe07c1de5dedb14fa2b74ae35ca070e54436879a2,waterholepool
0xd544292666ab5183c6abde7531e03ed523188e7d,waterholepool
0x0736facee3b6f33e51865102a1f65620d4a3a920,waterholepool
0x24d00676b65959b0a2c47bdcdbbfba1f207f0e6b,waterholepool
0x06beb70453fe72edd408932809588ff284bd8396,waterholepool
0x1bbf9436a7e439192f8613392323097e36b2fb89,waterholepool
0xa73b183f99153a4ba301539c1338c9dda56799f6,waterholepool
0x39856bd2a19b68b383c0b4eee5a12d683a11adaa,waterholepool
0x20d4e0fdce9d31178438664644d8d19d61d06aa8,waterholepool
0x0bc6b9ddd18cbed0d71354ab6157e28583dd1c16,waterholepool
0x60b49afba518556b003f4166066a0034c4290299,waterholepool
0x43484dc82a6a4851a99b879f48354a899ba9077c,waterholepool
0x076adc406d93cb4ecfe2d0d3592c9303aaf7d1cd,waterholepool
0x7984c66059df34d932c13848227a919bd0a0f42d,waterholepool
0xbf15bde7ed3ccfa7c2f592e9ffba18907ec77826,waterholepool
0x90df3e52884d6450bbfa29619ef2c39b1aa03f88,waterholepool
0x334424f8382a59259d01f48acea76708ec518f63,waterholepool
0x73b376237197eff67295766027ea5e038a02ff6e,waterholepool
0x4bbb47d198b63aee99f2452b103aa6dfbdad1dbe,waterholepool
0x9d778d991d23959dfa7e57011f74f9b4319758cb,waterholepool
0xfb07d1154b020f68d16e259eef5c7c5add4b1229,waterholepool
0x483a3693b2af8a1bf10d664e7f9c108cdef24534,waterholepool
0x816b9fe5b5b6d421091d1645fd8e79222af4c24f,waterholepool
0xb5518d9d672b0e48f9bc4c40f92ce09ae83aa765,waterholepool
0x932583a7fd999d0754bf80b3110dcf760c1d9550,waterholepool
0xb04e837dcff2b4c13a5406fb4596a864a903c93d,waterholepool
0x02382fc961ba7881b3b9399e2346f9e57769bf37,waterholepool
0x04404eca95f979cc53b0b93c0566a034f97ac501,waterholepool
0x2111bd0edcff8f2c90e5f24e8f3ea0536a1035c6,waterholepool
0x5a56933af6d69b4a294fa17c56a1217099c84434,waterholepool
0xc29a3e3cd5d1a5194acb2fb295f22d38e2e683c3,waterholepool
0xa5009541401d10bc9b27735d46ffcdc311b0f437,waterholepool
0x64d5150147be100a4fb2ec942a9caa8564afb6d7,waterholepool
0x534acfade62af58c1a996bbd3d468ca98062dcc9,waterholepool
0xd103380c8c08cda2dce6524fbac15d225017f329,waterholepool
0x1e0d17e9b592f51f5cb975d5f9c62e8cb0668232,waterholepool
0x532b28db3f41bdd2f28d9334df1aebe2c974dfab,waterholepool
0xfa0f02d022f4e5912fcc853693259436c341a5ee,waterholepool
0x6929b0c94c322729a529a46afbd5b7302955d9bb,waterholepool
0x3692645902f0f67c9352b1552339e93dd2192504,waterholepool
0x9267e3a6bddbf8ee1ec13564f5e79232f561cf0f,waterholepool
0x37296850298beec506025b4a8699ff5b650211a5,waterholepool
0x783231deba1fafd90b4f146fdb21a374c29737ff,waterholepool
0xe81202818b576ae0bb40a4ff34bdfa01a6c221f8,waterholepool
0x0502940be2fc37a72da4e21b6d053fe0b2da2e28,waterholepool
0xb18280908d45a3144673eff3c6d2742ba21982b2,waterholepool
0xdbcf2263b4919efbed6668fac47ed1c8577188ab,waterholepool
0xca53135c34f397e98c4e98e98929b990798e328c,waterholepool
0x66633dc3fb54f1b416b28bd41e93d924e352bb5f,waterholepool
0x375cd8fbeba67b244b6d94277abaa4f268276bb5,waterholepool
0x51a8ceaab0bd34636864896f8d2cf263d76486f9,waterholepool
0x43f9051cb1e7f31c4f602a24742df1bf5f6cc874,waterholepool
0x33e8f93efde4f510d12bf69bda406084deca8c76,waterholepool
0xdf872d5f1334fbf8fa291a5d27e75cb5e62009e4,waterholepool
0xa35bf5cb6055652ea5efdf64ce4be55e86eed01f,waterholepool
0x4d865f7972c397f33fd44aea786c4c85580cddc5,waterholepool
0x1a45b0c51eda37f12f83e89d1c965877d6339d8c,waterholepool
0x591df86ba89574113b2bd8257ede76a83cdce6f8,waterholepool
0x1f903ccfeff76b73eb404905061e7d34a97624f9,waterholepool
0x0bee99db6c69805c839a71ebf439c719fc5bd69e,waterholepool
0x64c4e00a2cfd06572ad24690bc3b88177ac498e7,waterholepool
0xaa394fe117128e43e48199e6387fb665e5817efe,waterholepool
0xebb9fd457ee31b14797493b0edd3e69965ff8cbe,waterholepool
0x67e2564d08b94bb0ae9e95f39ab2796739a3c049,waterholepool
0xcdb0432d84211c0f9fe0abdab3b990818777b2b4,waterholepool
0x8bf790860e7af0fdcc01d002dfd084dc4990914d,waterholepool
0xf5fdd89039f87c55b1baf2bb42bbde0e329c3739,waterholepool
0xea157fd59e3997aa2eb85b32dfdaf70b6d6ca415,waterholepool
0x3ab3b81b105663a30ee643f10db639ab3ade4a94,waterholepool
0x13ce52b58bc7d8e921469c4667a30a3dc5a55a09,waterholepool
0xb5d87cf2204c1e2721c23c45f47990a46a2d35be,waterholepool
0x102773c35980d662c86b85d1e06260dfa781d7e4,waterholepool
0x23ae070c68d314fbdd79d7786b9defdd9a279a18,waterholepool
0xc52749eed1c2b224d9eb35c44f652fa5bd38f52a,waterholepool
0x4eb0ed48cf2d5f62ebe3c42fe2fc1cdd3a535440,waterholepool
0xd8478fb4ee26e8844e228fb3d5502d9f7e96ef03,waterholepool
0x48773bb7b1a6be3a90245a3d7921832ddb9cfa4d,waterholepool
0x5ec28fdbc6fc225a64c9ddfc007c9276b0005156,waterholepool
0x9946c91d98e4360c9c70edfd1aefde27b70ae3bc,waterholepool
0xd00121e484b5fd544d504708fb6eafa4ff2e0d7a,waterholepool
0xca6e381bbee8f97e61381f9d0959f554d97ab097,waterholepool
0xceb996ab50f1d1159f3b7b89815182bc88a6653c,waterholepool
0xe3ddf376612d44cdb4ea8f3c94538f14f4381d99,waterholepool
0x39ddf712f14f4f2b15c9fe22e3e0f05ddc529e52,waterholepool
0x381b57ade99e438ab898beae5bb928943c627ee3,waterholepool
0x29aa85923509a5df4973094fa2efd3641f991cf0,waterholepool
0x081c74509f5690a94eabb1474c050f5279ae2e33,waterholepool
0x86a303eaf34a07005679966cf2b910f20b0aa854,waterholepool
0x9ea5f8bc9ea0b47a6189f5c3d1a935b2da2aa639,waterholepool
0xa3d294cfa1a072a089503481f25f4899c549a402,waterholepool
0x8beb31c5581a8e1819d32999c243e407487f0215,waterholepool
0xb8477943cda7b0f171433070444f0660432cafd9,waterholepool
0x1e908c66fc892ce9b9f311f704e5e0ae3ee569e5,waterholepool
0x0e8f04af98060c861035565738a9a359794d7704,waterholepool
0x37ecbd2c0d226bdd490c3583fcdb6b5b5a6dbfd9,waterholepool
0x907ca30853b6320400fb3477fbfcc497842d6628,waterholepool
0xd61bbf66503564e4cfca21eb34dd3e61715bf94b,waterholepool
0x2bb58aa8580182c2ff39c786fce88b899d49448d,waterholepool
0x68fdc74a313a6a66d1c2345b9ed21d68bfa32bd6,waterholepool
0x51764824d712cfde2736338fa787fbd0909b9c24,waterholepool
0x0969a867eb592fb8448e8672ae70dbd232c44ed0,waterholepool
0xe62c6edf3bd3d456f7aae601e153deccfbdd6905,waterholepool
0x5c96d275bc77c3557899782a912293b938e48819,waterholepool
0x813a0008e2f0a32e6c6f4adf0215795fd9c6cadf,waterholepool
0x5001a0b25ffcc3ceb357fef68bf2364e834fd463,waterholepool
0x148e425a0d6b83898fe1164b8320f70317e7f98b,waterholepool
0x72ba9743da09847623533d72520c3b4d1e66886b,waterholepool
0x84b961bd5d17282dd21266cf9f501f7c79b4b89a,waterholepool
0xf35927d2aa9fe5bd296aca1be85dfecad62742c3,waterholepool
0xfe80a95c4a325883826e70f6ddc1468bb7db033b,waterholepool
0x3065d5674547caf1c38029467aaeed8b3ac68e5c,waterholepool
0x4133c63c58acfbbed92090422db448e91543f0ea,waterholepool
0x2061280e02e72c2b8350cfa15f3419b3d7993cd9,waterholepool
0x3be33a58d1dfd479b3769774d05abd987850ba08,waterholepool
0xe4b8bf6aa5f9269742101715b939cf0c0e152874,waterholepool
0x45c384d2249530c38e01dbf984984be69eb93d01,waterholepool
0x84a046891280ff47d92930fb7df26a6c3b846b10,waterholepool
0x9fa85281992b9c2117fbb160962674e0e4fb8413,waterholepool
0x3fa60749eda119127d95541ac0742d6a23ad06d2,waterholepool
0x21d3f4ce69394f9999e80f37ae7bcb2215cf1646,waterholepool
0xd6f8961c3d87a2f2fdd3a08855776f52dbcf3a8d,waterholepool
0xba9c8ed952fa8bf91b0e1475378f49d88e1a7964,waterholepool
0xa4f8ee63929460b5276672e7088b4cc601bf0db6,waterholepool
0x16efd16aa3c5193cec8aeda5e2097217a3d4d195,waterholepool
0xcffb08b10cfd40ce73ed2a562d99c6447dbf4973,waterholepool
0xc9f2d5fa47d2e409d2935d787f3a009302d3af05,waterholepool
0xa242c42b299dd9fe07b5ec397b758486dcd25a4c,waterholepool
0xcfd925f8f7050849089b04a55f6920b9815e4673,waterholepool
0x6653c923199a62b839662357f461e88d62025707,waterholepool
0x3c3f2dfb45426c110ec40d42e3d629c06871f7c0,waterholepool
0x40ef5441c2abe0fc09baa47c1fa67ae2668525e8,waterholepool
0xd65032bf359b83ce6e0b329fbd7f86f014bbd1a8,waterholepool
0x298c220b4b66d22eb17f98afd7984175a44977c6,waterholepool
0x21046a462b1fe7d2b8de5abf3f78efe16890f5d7,waterholepool
0xdfb9ad67c7c33f31bdb5d43466320419b862051c,waterholepool
0x1673cbbf4b62ff791b0970a7a16818434098404d,waterholepool
0xf32c12b20881afc7a991f8da313d5e0be8672a8c,waterholepool
0x44a88352e410a79019d284e89005569caef119e2,waterholepool
0xf4615a266b0238da8a1f6017735c7e7213c54376,waterholepool
0xa19fbba94c0a05f891620be09dbd52895b0366f8,waterholepool
0xb6b790c764e07d07ac7c8b5f2d1570bed83af1cd,waterholepool
0xcb90bd74c4c4b120d138fc4b45dfa211d304d518,waterholepool
0x7becad31c83bf5190ee7541df7d03f707bfd3890,waterholepool
0x3b370592fdaf40724d5b8a5f62cdfdc0f4636f67,waterholepool
0x309233c88d5484aac85fd02e98cd6790c7c9d5f8,waterholepool
0x86db1fd70b51d9937f0d977dce32e4d5a89382d2,waterholepool
0x22fba9b3e27ecfe5131359aa909ac2996243dc38,waterholepool
0x7e169a53284e0a8c804d3078dedd59d0c4e8ac37,waterholepool
0x35f892f6636f07db946dc067200f61a21b35e40d,waterholepool
0xe5b077c2ebfbabff6f5e4288c484f7de381ef2e1,waterholepool
0x5f65704611c96ead5909c2c0af19d1490a04b0a7,waterholepool
0x6425395906b44c9f8e32415db78cd65da9bb409b,waterholepool
0xf319f4973d19f3cf6e680c16ddc359aabb8190cf,waterholepool
0x6fdf3da411ece93a7affe7cc145a29db230424e8,waterholepool
0x18be1733c6e51c2428d84e09751a2381a6274480,waterholepool
0x496b4a81a5cc509ebf2802059db1014c084b62a2,waterholepool
0xfa98b4bd17107a521d6b82b534a263e7d9473ee0,waterholepool
0x7a49aca66a963a7c4f9d4930c9d278115651a3b7,waterholepool
0x96a82bfabc3fd4f58ea5543c51df27819146a310,waterholepool
0x4acdb05e862245a10bafb8442ed2c0dfd92eafee,waterholepool
0x5e715d91484a6bb1d22b8bfed16ffc874a29e16f,waterholepool
0x6373f55c619d27197dbe4845d927c5adf222ccd4,waterholepool
0x76e4c43a7f921e7514998abbed8d8940caef73f9,waterholepool
0xbed58a59039d50e6a98051bdeadac2dffa1160bd,waterholepool
0x85569aaa678a3f45e356c1ab4ce9fba6adc688bc,waterholepool
0xb24d1fcc411ec7547027a0f9f515a746564ac159,waterholepool
0x9ee698471e0cdc575b4ef03a734b35b2ad0ca2ff,waterholepool
0xb2aadf88c4e25a13149956d8e826f4d9497290ea,waterholepool
0xb08ed9a59f73c102593a085e136b6376648ed24b,waterholepool
0x6e24d7af607de45b0e3618a2d64293b331b607e7,waterholepool
0x061a394b2072abc8aa43328a8d2cc1f71ea122c0,waterholepool
0x20a748522b052164366ce1c0cfc075989d2c6c9d,waterholepool
0x3f04b07fdcfb7dab4c1f8f0fff592192d4007403,waterholepool
0x5148bdcd55f55d675e9aa628d3358ca1c50831cd,waterholepool
0x1bd19412bb353927998bb3aab8e051aa48da3ba4,waterholepool
0x45d70dcfc8402cf0252f3371278315ffd20778f0,waterholepool
0xc0e866319155242ced84223e82ec54841a756621,waterholepool
0xc89d176af21054562ff6d61a1c8e818656fd63c1,waterholepool
0x32a754c90e04f23fe6f333befeb79c42ec2d86f1,waterholepool
0xe1ae655f11af9945cb63d9564261df46c0faee25,waterholepool
0xcdadf020e1b8f79578c52ddc89f7530191ee8453,waterholepool
0x3994002f8ad1c43e8b903d261e974b7bf3ba016a,waterholepool
0x98cd4f7ed87f39c7553fbe008c600c4d20d946df,waterholepool
0xe05ac603c6bb00b3080c9c417dedaa5c4afd4798,waterholepool
0xfae760958bb26be681d60910f075b3b0ff487c63,waterholepool
0x83a72c2b2cd75478fd8efb699ea95d5c3937fb21,waterholepool
0xdac01d03b3298fb284a3d8d448837991839155a9,waterholepool
0x5b0d348dbde86ca1c359da19e2ca048f7bc60a47,waterholepool
0x548e25be21649f88b8439d0fa981f621e93d36ba,waterholepool
0x0350d64db5553df8c1c2d5b736523afee43817ab,waterholepool
0x31a6ae2a66027058cc728493821fd3f0d57d8ccc,waterholepool
0xea052fcf7c0267643f83b50518bbbb481bc1e6ed,waterholepool
0x966bfb68f1510ce0c457d84a746f64588b3901cd,waterholepool
0xbda8a7c849b2ff0dfe49a61ada504190e7bb4f91,waterholepool
0x09115bd727bb4d62cbff093013ec1b1f821ffcb9,waterholepool
0x18e36e1da273ad1af103d9d9f53a9c3ac4308ae4,waterholepool
0xcda11857691f61add101484f9d7faf188f008e39,waterholepool
0xe09759391bedba009e685ae776021939b1d8a4df,waterholepool
0x50640106c52c612a32780f22a620841f6541a412,waterholepool
0x0c3595e5f77d9f5846539c0507448d55ffeddce1,waterholepool
0x2c35d377eeb5bea52586b7954cf80eb7dc7e60a4,waterholepool
0xda479e67915ef250e4a537a478aac1be2411573b,waterholepool
0xa9ebdbe99003c7565c1ecf8477c3f9fd0be9e5f8,waterholepool
0x3f3d5237aac2cbb479340ae883ee6c9631dbdadb,waterholepool
0x327e7e99f6b13bc8cd6b30ac3fe6069ec6dba614,waterholepool
0x4a70768907a40f7df9738088a4fc9e237971e8be,waterholepool
0xf7a8bbc1028d859e1015d9d970515bd512801f83,waterholepool
0xc4750d3bd3d6644e101a67201c4c43f2a7427462,waterholepool
0xcf1c312ae55b8de1839035688bffe60bc8995faf,waterholepool
0x6cb482d4bd9e5236325d2385ca386ae92efccffe,waterholepool
0x119787fdd7ff262c76057581a4717a59a9452d3f,waterholepool
0xd17cc28825b7342d187cb34c0d4036af4926bc71,waterholepool
0x9847c5b8c587e3df105e6bb5b92dc0ad0cf64b81,waterholepool
0x946f28a383484ba4d93627423a05d5a54c6ddb98,waterholepool
0xa5a40d99e74da0379b5c5e45bae359104d42cc71,waterholepool
0xc963a2eaa8324e8da9e4da6055307d1783a71ba9,waterholepool
0x98be5832ca8a4b22af2ae82150e82ff43858523e,waterholepool
0xcc18fbb13f2afe4aee134397defde6f98c44e65f,waterholepool
0xf7476cc458af8ba84c559eb0d2e1a41a85283878,waterholepool
0x40c5274c90c140cc5ed5964e02290a7584ea7c02,waterholepool
0x343be5e6520a2cd86d5b61637b874af12169200e,waterholepool
0x3f1cad5940b6726ce4c1ccf07f717b54384bfd3a,waterholepool
0x015c026b74ed08a12676a237987115d9129204ed,waterholepool
0xf225e0931a41406d4263dfdaaa574fdf2434e210,waterholepool
0xe6b5c5deda4750b951e38cd947f5cfbbf7df30e3,waterholepool
0x0ccb706268dfe4709d81b1049a403b243bcf33d9,waterholepool
0xdbb41754a98813bfbc5ca0f560d876e6e0d77d2d,waterholepool
0x8068f0987ce8cc8cd5ae946d890a9c5487edae4f,waterholepool
0x7e8c90384356a50d4b98d8f22cd3206f6afc6696,waterholepool
0x02de736acd523f0fc74f5f46ce26fbea96339155,waterholepool
0xea6c380cdfbcccb3d07381392ddc7cce51ee4290,waterholepool
0x64a4dd9fb78ecfa4278b214ee8d5ca51207d1094,waterholepool
0xe090d81ebb0bfa29d0f3850fb1ac461e62bd73fb,waterholepool
0x153495cd4acd09493659b661b90aa71289ee4f40,waterholepool
0x850f96b8b4cc315c992eb2d9fcd8eb4a5f4e429d,waterholepool
0x8b88012a6eca34deb0fc8204029ee13ad4802c86,waterholepool
0x450d4feb962b7af08fcf4e04d874da55807864e8,waterholepool
0x00161a5706dc98b0156abd1924f1df8cb56d4a64,waterholepool
0xc94816afb81173bb27c1e4185b753ad349fca399,waterholepool
0xacaf8b93b9dba5ce808542862dde4a12d906d7f2,waterholepool
0xf237685266ce6d931a45b267a7159532077e49b1,waterholepool
0x01106a8ba6d8d90c5f2bf960031da91459d27de5,waterholepool
0x355edac6223a7562c383610de132935d1deedc32,waterholepool
0x083945830a1f440b51b85fee6ad0316eff7dfcc1,waterholepool
0x2db1df7b8121fe5698ff06168d798476a40c2ab5,waterholepool
0x2a832ae60835453b76b41ed9a6b1cff8fcf86b7d,waterholepool
0xfc49bd5afd7a3358bf6a9eb88446d412eba39868,waterholepool
0x3c49ab3f7678316ccd4c3a03954aba4137b406a6,waterholepool
0x0bf8da79d2b5ebdf10f4bc7edc648e8b0dd457fb,waterholepool
0x50bd51dc315018d15945c7b5d6961e868fb2a176,waterholepool
0xaa2bdc1b6663fdeefb453a679c63b69f4bcbfcfa,waterholepool
0x030be0211aff8ddac0897552fb996e9cc5244457,waterholepool
0xd1cc6d930ef442ac830fa795f04ac909147f0f9c,waterholepool
0x11c9ae5543e2e0c79a8de3ab662ed1a32d936e27,waterholepool
0xdae5d0d578337bda5e392c9f5d94956f1ee63038,waterholepool
0x8999dce9a038bce2733311b78a76d3afcaa6e86f,waterholepool
0xc18bf49a698797ab9432252a1f7a14b47e38dc03,waterholepool
0xc2583e102481fbd27c48b42570685cf0c21d3c00,waterholepool
0x70328faebf518d070c4c6bb91fe7ccaad1a625df,waterholepool
0x745bcfe02e6b24a372f23db063b49ba07c53e619,waterholepool
0xb862e65e0fd338710603423b7c8620c0835fe70c,waterholepool
0x1c15060adb013b74cfc4e6015ddcdc9eb1e1ea8d,waterholepool
0x2e75cf00d5e8eb6e3cc05f3edf992681d5841055,waterholepool
0x50bd665a2f7f2f2ffecdf67dd73dd56ad9d864b6,waterholepool
0xc09b30e0d121b63a89e5cc8b7ae51ff1aecbee53,waterholepool
0x37869c6a3ac0074dae610c2077760ee4dcf0e576,waterholepool
0x101cd2b636c7e022fdbcbc04a3735a3e5c7f6bae,waterholepool
0xbc24f2a70c1220e4e9b556139d2f1f99e6ac7736,waterholepool
0xc4baeae43621400bf64cab10b89de60fea6b1cc7,waterholepool
0x11ca1eeceb6b06b871e4b4f8df9cb212cb0967fa,waterholepool
0x843525d785b659f2eed628755d1edc849dcd35de,waterholepool
0xa83c55d716f4d6825ac18e4eb11cd998a0508676,waterholepool
0xb8843a352443924e769f8555423ff2188413b82e,waterholepool
0x36f5d705660b835d5397e6253bbfc9ebdaa0d923,waterholepool
0x4c0e1e93276499b3bb8e6fc45c089a52ec4adfdb,waterholepool
0xe9f805aac17f2986db18f4a829d9b75f15d1757c,waterholepool
0xa4a5aa4ef81f7af7a58ffa1c8929b466193a9b49,waterholepool
0xd5d10bc27e60756b4c604bbcb02087106b28b5a9,waterholepool
0x8916d6e3dbc04ac8fea281b18de51bac5ad717d3,waterholepool
0x4489b160ee3166872f6c2e794b4b3347a7149e61,waterholepool
0x8939ab2c212a86db770688acecec9bcb67558b81,waterholepool
0xbafa5166a2185ae93673ad0ba66e3c918400a4f3,waterholepool
0x1ef1c4894a3b90f7bdd816f5593bfc7631150f80,waterholepool
0x013c2bd9b1c3c3695dcf553ee13eac9bad647810,waterholepool
0x7453ef836a59a141effae723a76a2402544f38da,waterholepool
0x0ddde267dd06da4eb29d5fdcdcf0d4f64699b891,waterholepool
0x663c8ba4d7eab269282acb63c8f9d635d9514a26,waterholepool
0x4d8ba16575f41e50bf95dc8f15e7e472ca49bcd2,waterholepool
0xa11281f04edc6838f4906b7d4033d67aa8895531,waterholepool
0x94e00882454a938a910608ccde5b0bc8a5e307ce,waterholepool
0xfe18a16ca58247eec22f7d26d766bf6491ee435e,waterholepool
0x3ebd177c88d019bd37b99221988b7249f4b64135,waterholepool
0x0aa24f5d8f311851ae83bf9c5222597766e581df,waterholepool
0xe55afcb6d2ba619894dffc34ed81bee23e9f27dc,waterholepool
0x5dac0440ef5d4607f10c8c2bc45be0834271f432,waterholepool
0x36b80d73ddde6e82d8eaff58a070f18be98bb4e4,waterholepool
0xf76836e5544dc5ab77ecea3487973282b7ef9e3c,waterholepool
0x49f49bb9966ee1acf68e7e0a3ebe1786ffdcedae,waterholepool
0x64ae8fa03888f0300a57a221294e0ccc1b106547,waterholepool
0x991c78fde2c8d51ae0df53356bed06d288755137,waterholepool
0x86f9d47a07907e9f47455eb67674e40cf8050065,waterholepool
0x1cbc3ee0315cc72c6f5dbd50f935360a2dc8bfe9,waterholepool
0x532d57ccb4786bf0c1c63cc7702664c2e576239e,waterholepool
0x5fb2ef18e36b4d4c5fe497834db526e3be720a78,waterholepool
0xdddae6cb5054ff830b595554e461fb04f44d1d76,waterholepool
0x191462aa0cca5a9e7dab74e783c3e9ee2821416c,waterholepool
0xb242efd49018f4da9d7b728c3c755aa2cce59a53,waterholepool
0xc9bf5b7b5a80ac30ca1f2ae25cf0fc9f6746de79,waterholepool
0x474eff7445c16b9aad2d99314ac298bd3fa7603b,waterholepool
0x550aaf3b2e623d822fd29bca44053e9a4a10ca49,waterholepool
0x26618b5b282028b6dac8aa84d7d1deecd288c618,waterholepool
0xe94d87bd17bdc68593dc16d849cfe0ef81d3bd61,waterholepool
0x232c11d8f61b3b3bc3996d2791fe7fa584cc12a3,waterholepool
0xa077401822cd4387adb891e5134c71c575e704e2,waterholepool
0x3761a7a546bf4fe50e25d6a63464885ba449e348,waterholepool
0xc24ce85529af22c13175006b12eeb4aae28fd33e,waterholepool
0x1f528a5ff9b4b902d49ae496d38e8058a753018e,waterholepool
0x4c9faad8eba955ff2ab031dbeb08d17779c0268c,waterholepool
0xd86bf658be5546eda8d732ba1f4d4e5536d427b5,waterholepool
0x8afbb93386bd79cd1cc2667c7434aa005185ce45,waterholepool
0xa89b12dc9e6a78805bcbd8f03fdcf85833c4f8e5,waterholepool
0x8751ee69f6c343b0eb793a6d6d953449a9e69445,waterholepool
0xffd82406aee763f94945367051be9f12c6ff4cdc,waterholepool
0x60465f92eed50fe5ac440a7d272a1fa3096f2847,waterholepool
0x92596a0cf8a7ab5097957fd7477c926cbd2581be,waterholepool
0xf0dc6c906806c36f9c589676883874c231948245,waterholepool
0x04ca9f0ebc72228b6312f1a509870b2632803811,waterholepool
0xba70401345647e2cfd7e53d325c130b4853bb8b8,waterholepool
0x03e41cde000d5eaf4c26fdfe79462949820e8eba,waterholepool
0x59cb883fdd3d18f1f2c52e26eb09c690b65ea0c2,waterholepool
0x4c789ff6fbddb88d6b21e4ead05438ef73438324,waterholepool
0x47953b1d8ee0478314e57f3207171065c671815f,waterholepool
0xdf066d882d914fd0f6f30576c32daefd39418fb3,waterholepool
0x9225ff0beb2312082deb0b022df5887b728bd902,waterholepool
0x65875124d7ea05dba3060043813d5ced7849e992,waterholepool
0x604c061bc2f3d470b971348b653db9d4f004c15d,waterholepool
0xa11f1450de5ed8cc825bc6a7199632c1622b622a,waterholepool
0xe37c4c4c2610e545e285f24922c43042409e076a,waterholepool
0xc18b5d3de7d14f759ea7184c86b4f7f201a36b30,waterholepool
0x8618b164a2e02dc57858a3dae21421ff00ce23d4,waterholepool
0xf877a9fbc744c38fcf769732dbf13ad5835aa663,waterholepool
0x3119a08985bbb2f8e83fb1f269851357bf0ce963,waterholepool
0xac1c242feb2425f2733f733a4d73aa94cf803a77,waterholepool
0xf7d807e7a8c67ea26c0820fda6e26717c9ab6d3f,waterholepool
0x9ce7ab2ab6eb0178219642d00e8901c3482cbac3,waterholepool
0x1b4dc098d95667768cf6838234175a093cc9e1e6,waterholepool
0xf82a9be167008649110edda2f480be1bb0baf87b,waterholepool
0x155d8ff081e58d660f02465d5bfee1db1df2107a,waterholepool
0xef3686982655725db61227904154a97c91d3bbd4,waterholepool
0xddf775a0435d1d9eec889edc4d0d26f127814adf,waterholepool
0xea026f2ec421a5826eb1201694be846f19aed6dc,waterholepool
0x853a7e9730ffbf9bec4220bc5d87cb9103ad3f99,waterholepool
0xdca911f851dd46c9fc3367c1401e473fb8b42510,waterholepool
